uid-bsj-738	baroque-de-heem-still-life	Baroque Fruit Still Life (De Heem Study)	Graphic Designer;Creative Director	Generative AI;Art Direction;Illustration;Print Design;Adobe Creative Cloud;Photography	Digital Art Collection;Art Print	Freelance	6	3	0	0	1	14	null	null	Produced a six-piece collection of high-resolution baroque still life prints tha	171	Rotating still life images evoking baroque painting: deep chiaroscuro, abundance	Baroque fruit still life compositions inspired by Jan Davidsz de Heem with lumin
uid-cap-258	advanced-animation-system	Maximalist Lottie Animation System	Graphic Designer;Motion Designer	After Effects;Animation;Illustration;Lottie	Animation	Freelance	4	3	5	0	0	0	null	null	The animation system produces rich, maximalist motion graphics that load instant	0	Maximalist hand-drawn illustrations with Lottie animation system showing detaile	Hand-drawn illustration detail and Lottie animation layer composition
uid-ccp-818	influencer-growth-strategy	Data-Driven Influencer Growth Strategy	Content Strategist;Growth Strategist	Analytics;Campaign Management;Content Production;Social Media Marketing	Marketing Campaign	Freelance	5	3	0	0	1	21	null	null	The growth strategy provided a clear, measurable roadmap from current audience s	0	Influencer growth strategy pitch deck showing audience analytics, content calend	Social media growth strategy slides with data visualizations and audience analys
uid-chp-854	embeddings-art-curation	CLIP Embeddings for Automated Art Curation	AI & Automation Strategist;Creative Director	Data Visualization;Generative AI;Python	Digital Art Collection	Freelance	5	3	0	0	0	0	null	null	The embedding analysis revealed that neural models do capture meaningful visual 	0	CLIP embeddings visualization showing PCA-reduced artwork similarity clusters an	Neural embedding space visualizations for automated art discovery and curation
uid-cop-802	illustrated-poetry-book	LGBTQ Illustrated Poetry Collection	Creative Director;Graphic Designer	Art Direction;Generative AI;Illustration;Print Design	Print	Freelance	5	3	0	0	0	0	null	null	The completed collection demonstrates that digital illustration workflows can pr	0	LGBTQ illustrated poetry book pages showing digital illustrations with poetic te	Poetry book spread illustrations with LGBTQ themes and mixed-media digital artwo
uid-cpp-781	public-health-response-platform	Hawaii COVID-19 Response Communications Platform	Content Strategist;Web Developer	Analytics;Content Production;HTML/CSS/JS;Responsive Design	Web Application	Freelance	6	3	0	0	0	0	null	null	The platform served as a critical public health resource for the Hawaii COVID-19	0	Hawaii COVID-19 Taskforce communications platform showing public health dashboar	Public health response platform dashboard and communications interface for COVID
uid-dff-987	automated-e-commerce-shop-lookbook	800+ Product Store with Automated CMS Management	AI & Automation Strategist;Brand Designer;Content Strategist;Web Developer	Automation;CMS Management;Content Production;Creative Cloud;E-Commerce;Generative AI;Git;HTML/CSS/JS;Landing Page Design;Make.com;Notion;Publishing;Python;Scaling Systems;Typography;Webflow	E-Commerce Store;CMS Site	Freelance	6	3	0	0	1	6	null	null	The automation eliminated manual data entry for 800+ products and reduced invent	369	Fully automated Webflow e-commerce system with 800+ products managed through Mak	Automated e-commerce storefront screenshots showing product catalog, fashion loo
uid-eme-689	modular-portfolio-build	Modular Portfolio System for AI-Assisted Development	Web Developer	Git;GitHub Pages;HTML/CSS/JS;Jekyll;Publishing;Scaling Systems;Typography	Portfolio;Website	Freelance	6	3	0	0	0	0	null	null	Successfully built and maintained a comprehensive portfolio spanning technical, 	374	Screenshots of a website demonstrating tag-based navigation and modular componen	Portfolio system screenshots showing tag-based navigation, modular component car
uid-enm-522	surreal-constructivism-perception	Currents of Perception	Graphic Designer;Creative Director	Generative AI;Art Direction;Illustration;Print Design;Adobe Creative Cloud	Digital Art Collection;Art Print	Freelance	4	3	0	0	0	0	null	null	Produced a cohesive series of abstract landscape prints that read clearly at gri	171	A generative journey through perceptual dimensions with geometric abstractions c	Geometric constructivist landscape abstractions with vivid color fields and emer
uid-evn-680	constructivist-profiles	Profile People	Graphic Designer;Creative Director	Generative AI;Art Direction;Illustration;Print Design;Adobe Creative Cloud	Digital Art Collection;Art Print	Freelance	6	3	0	0	0	0	null	null	Produced a cohesive collection of geometric portraits that read instantly as thu	171	Angular geometric portraits with bold color blocks and sharp constructivist form	Geometric head and shoulder profile portraits rendered with constructivist sharp
uid-fan-459	pie-claesz-modern-vibes	Pie Claesz Modern Vibes	Graphic Designer;Creative Director	Generative AI;Art Direction;Illustration;Print Design;Adobe Creative Cloud;Photography	Digital Art Collection;Art Print	Freelance	6	3	0	0	0	0	null	null	Produced a six-piece contemporary still life collection that bridges Dutch Golde	171	Rotating still life images with modernized Claesz cues: simplified palette, cris	Contemporary still life compositions with modernized Pieter Claesz influence, si
uid-fen-036	gradient-bauhaus	Gradient Depths	Graphic Designer;Creative Director	Generative AI;Art Direction;Illustration;Print Design;Adobe Creative Cloud	Digital Art Collection;Art Print	Freelance	6	3	0	0	0	0	null	null	Produced a six-piece gradient abstraction series with calm, modern panels that r	171	Gradient abstractions with layered color, soft falloff, and disciplined value pa	Bauhaus-influenced gradient abstractions with smooth layered color transitions, 
uid-fth-565	animated-cms-weekly-blogs	200+ Weekly Blogs with Custom Hand-Drawn Animation	AI & Automation Strategist;Brand Designer;Content Strategist;Web Developer	Animation;Automation;CMS Management;Content Production;Copywriting;Creative Cloud;Generative AI;Git;Illustration;Lottie;Make.com;No-Code;Publishing;Python;Responsive Design;Scaling Systems;Webflow	CMS Site;Website	Freelance	6	3	0	0	1	2	null	null	The automated publishing system handles 200+ weekly posts while maintaining visu	368	Webflow CMS blog platform publishing 200+ weekly AI-generated posts featuring cu	Animated CMS blog screenshots showing hand-drawn Lottie illustrations, blog post
uid-gcp-491	fashion-ai-video	Curated Avant Garde Fashion Lookbook	Brand Designer;Content Strategist;Social Media Manager;Video Editor	Adobe Firefly;After Effects;Art Direction;CapCut;Content Production;DaVinci Resolve;Editorial Design;Generative AI;Illustration;Lightroom;Lookbook Design;Motion Graphics;Photography;Photoshop;Publishing;Scaling Systems;Video Production	Video;Lookbook	Freelance	6	3	0	0	0	0	null	null	Produced a cohesive set of scroll-stopping clips and lookbook sequences suitable	171	Editorial fashion stills with surreal desert vibes, animated into motion with pa	Avant garde fashion editorial stills featuring surreal desert palettes and bold 
uid-hdp-267	minimalism-bauhaus	Minimal Maybes	Graphic Designer;Creative Director	Generative AI;Art Direction;Illustration;Print Design;Adobe Creative Cloud	Digital Art Collection;Art Print	Freelance	6	3	0	0	0	0	null	null	Produced a six-piece minimal abstraction series with quiet, confident compositio	171	Minimal geometric panels with clean edges, negative space, and simple color step	Minimal Bauhaus-inspired geometric panels with restrained color, ample negative 
uid-hwi-844	personalized-fashion-magazine	Art History-Inspired Fashion Lookbook Website	AI & Automation Strategist;Brand Designer;Content Strategist;Web Developer	Art Direction;Automation;Content Production;Copywriting;Generative AI;Git;GitHub Pages;HTML/CSS/JS;Photography;Product Staging;Publishing;Responsive Design;Scaling Systems;Typography	Website	Freelance	5	3	0	0	0	0	null	null	The design successfully translates luxury print editorial aesthetics into a digi	370	Walkthrough of editorial-style photo journal website featuring AI in-painted fas	Fashion lookbook spreads showing editorial photography layouts inspired by Impre
uid-hxp-812	bau-noir-haus	Bau Noir Haus	Graphic Designer;Creative Director	Generative AI;Art Direction;Illustration;Print Design;Adobe Creative Cloud	Digital Art Collection;Art Print	Freelance	6	3	0	0	1	12	null	null	Delivered a six-piece monochrome Bauhaus collection with crisp, high-contrast pa	171	Black and white geometric abstractions with Bauhaus inspired forms and strong co	Monochrome Bauhaus geometric abstractions with stark black and white contrast, p
uid-iir-099	surreal-constructivism	Sublime Convergence	Graphic Designer;Creative Director	Generative AI;Art Direction;Illustration;Print Design;Adobe Creative Cloud	Digital Art Collection;Art Print	Freelance	6	3	0	0	0	0	null	null	Delivered a vivid six-piece series of surreal landscape panels that read instant	171	Swirling clouds, rolling mountains, reflective lakes, and crashing waves in vivi	Surreal constructivist landscapes where mountains curl into waves beneath techni
uid-kts-582	bohemian-abstractions	Bohemian Abstractions	Graphic Designer;Creative Director	Generative AI;Art Direction;Illustration;Print Design;Adobe Creative Cloud	Digital Art Collection;Art Print	Freelance	6	3	0	0	1	12	null	null	Produced a six-piece bohemian abstraction series with cohesive, approachable com	171	Bohemian inspired abstractions: geometric motifs, layered color fields, and easy	Bohemian geometric abstractions with relaxed symmetry, layered warm color fields
uid-kvs-366	flowering-symmetric-asymmetry	Flowering Symmetric Asymmetry	Graphic Designer;Creative Director	Generative AI;Art Direction;Illustration;Print Design;Adobe Creative Cloud	Digital Art Collection;Art Print	Freelance	5	3	0	0	0	0	null	null	Delivered a five-piece art nouveau floral collection with cohesive decorative pa	171	Floral abstractions with graceful symmetry and art nouveau line work, rendered i	Art nouveau floral abstractions with flowing organic symmetry, luminous color pa
uid-lrt-041	pie-claesz	Pie Claesz Vibes	Graphic Designer;Creative Director	Generative AI;Art Direction;Illustration;Print Design;Adobe Creative Cloud;Photography	Digital Art Collection;Art Print	Freelance	5	3	0	0	0	0	null	null	Delivered a five-piece still life collection that reads as calm and historically	171	A series of still life images with muted tones, balanced arrangement, and unders	Pieter Claesz inspired still life compositions with muted tones, quiet balanced 
uid-lrt-716	constructi-haus	Constructivism Haus	Graphic Designer;Creative Director	Generative AI;Art Direction;Illustration;Print Design;Adobe Creative Cloud;Typography	Digital Art Collection;Art Print	Freelance	6	3	0	0	0	0	null	null	Delivered a six-piece constructivist collection with crisp, poster-ready panels 	171	Constructivist panels with strong geometry, directional balance, and grid discip	Bold constructivist geometric compositions with high-contrast forms, directional
uid-lul-419	ai-meditation-mobile-app	AI-Managed Wellness App Replacing Traditional Menus	Product Designer	Copywriting;Generative AI;Git;HTML/CSS/JS;Voice Interface	Mobile App;Web Application	Freelance	6	3	0	0	0	0	null	null	The design successfully reduces cognitive load by eliminating traditional menu n	373	Mobile-first progressive web app interface showcasing AI chat-driven meditation 	Mobile app screens showing AI chat-driven meditation interface, voice journaling
uid-mnu-667	flat-bauhaus	Retro Flat Bauhaus	Graphic Designer;Creative Director	Generative AI;Art Direction;Illustration;Print Design;Adobe Creative Cloud	Digital Art Collection;Art Print	Freelance	6	3	0	0	0	0	null	null	Delivered a six-piece retro Bauhaus collection with crisp, flat compositions tha	171	Flat geometric panels with Bauhaus inspired forms, clean color blocks, and balan	Retro Bauhaus-inspired flat geometric compositions with bold primary color block
uid-mrt-136	viral-campaign-strategy	Award-Winning Viral Video Campaigns with 100M+ Views	Content Strategist;Creative Director;Social Media Manager	Analytics;Campaign Management;Content Production;Copywriting;Social Media Marketing;Video Production	Marketing Campaign;Video	PETA, Inc.	5	3	2	0	0	0	{"value":"100M+","kpi":"Video Views","context":"Organic reac	{"headline":"DoGooder Award — #1 Funny for Good","details":"	The Tofucken video surpassed 100M+ views and won the DoGooder Award for #1 Funny	352	Viral video campaign case study showing Tofucken comedy video, DoGooder Award st	Campaign metrics showing 100M+ video views and award recognition for viral socia
uid-nst-245	notes-app-thot	Markdown Scratchpad PWA with IDE-Grade Syntax Highlighting	Product Designer;Web Developer	CodeMirror 6;Git;Vercel;HTML/CSS/JS;Responsive Design;TypeScript;Vite	Progressive Web App;Web Application	Freelance	5	3	0	0	0	0	null	null	Thot is a persistent, always-on writing tool that treats markdown like code in a	356	Thot markdown scratchpad PWA showing IDE-style syntax highlighting with custom c	Thot app interface showing markdown syntax highlighting, auto-save indicators, a
uid-nvw-152	humanistic-exploration	Humanistic Exploration	Graphic Designer;Creative Director	Generative AI;Art Direction;Illustration;Print Design;Adobe Creative Cloud	Digital Art Collection;Art Print	Freelance	6	3	0	0	0	0	null	null	Produced a cohesive six-piece collection that bridges architectural interiors an	171	Abstract forms and landscapes with geometric rhythm, interior vistas, and bold c	Constructivist interiors and abstract landscapes with flowing curves, geometric 
uid-qor-090	css-animated-micro-interactions	AI Agent Research Presentation Platform	AI & Automation Strategist;Content Strategist;Web Developer	Animation;Automation;Content Production;Copywriting;Generative AI;Git;GitHub Pages;HTML/CSS/JS;Jekyll;Landing Page Design;Publishing;Responsive Design;Scaling Systems	Presentation Platform;Website	Freelance	6	3	0	0	0	0	null	null	The platform delivers comprehensive AI research across multiple formats while ma	378	CSS-animated homepage featuring glassmorphic tiles, connected to two unique pres	Presentation platform screenshots showing glassmorphic homepage tiles, slide dec
uid-rcy-132	web3-strategy-branding	Web3 Privacy Protocol Branding Productions	Brand Designer;Creative Director	Art Direction;Content Production;Copywriting;Generative AI;Illustration	Brand Identity	Silent Labs	5	3	0	0	0	0	null	null	The brand system successfully served both technical and consumer-facing communic	0	Web3 privacy protocol brand identity with visual system for decentralized infras	Brand production elements for Web3 privacy protocol including visual identity an
uid-rda-284	surreal-heads	Great Figure Heads	Graphic Designer;Creative Director	Generative AI;Art Direction;Illustration;Print Design;Adobe Creative Cloud	Digital Art Collection;Art Print	Freelance	6	3	0	0	0	0	null	null	Delivered a series of calm, immersive scenes that present clearly as tiles at sm	171	Towering head forms across whimsical terrains, floating spheres, and soft pastel	Surreal landscape compositions featuring monumental human head forms integrated 
uid-rfr-187	saas-product-sale-features	Complete SaaS Conversion Flow with CSS Animation	AI & Automation Strategist;Content Strategist;Web Developer	Analytics;Animation;Automation;Copywriting;Git;GitHub Pages;HTML/CSS/JS;Jekyll;Landing Page Design;Product Staging;Responsive Design	Landing Page;Web Application	Freelance	6	3	0	0	0	0	null	null	The CSS-only animation approach maintains performance while delivering sophistic	373	Three-stage SaaS conversion funnel walkthrough showing landing page with tiered 	SaaS conversion flow screenshots showing tiered pricing, sign-up form, and profi
uid-rjy-542	technical-defi-content-simplification	Technical to Accessible: Web3 Brand Strategy	Content Strategist;Creative Director	Art Direction;Content Production;Copywriting;Data Visualization;Generative AI	Brand Identity	Silent Labs	5	3	0	0	0	0	null	null	The simplified content strategy increased comprehension across both technical an	0	DeFi content simplification showing technical protocol documentation translated 	Technical DeFi content transformed into clear visual communication with simplifi
uid-rvy-322	product-marketing-branding	Web3 Brand Creative Direction & Strategy	Brand Designer;Creative Director	Art Direction;Content Production;Copywriting;Generative AI;Illustration;Landing Page Design	Brand Identity;Landing Page	Silent Labs	5	3	0	0	0	0	null	null	Delivered a cohesive brand identity that successfully positioned the social mark	0	Web3 brand direction showcasing visual identity, marketing materials, and social	Brand identity elements and creative direction for Web3 social marketplace
uid-scz-944	full-stack-automated-ecommerce	AI-Maintained E-Commerce Historic Art Print Shop	AI & Automation Strategist;Web Developer	Automation;E-Commerce;Generative AI;Make.com;Stripe	E-Commerce Store	SEANIVORE GROUP LLC	5	3	0	0	0	0	null	null	The store operates as a genuinely autonomous e-commerce business with minimal hu	0	AI-automated e-commerce store showcasing historic art prints with automated inve	Automated Shopify store interface with AI-curated artwork listings and product d
uid-sdz-155	ai-virtual-photoshoot-design	Art Deco Luxury AI-Directed Virtual Photoshoot	Creative Director;Graphic Designer	Art Direction;Generative AI;Photography;Product Staging	Digital Art Collection	Freelance	5	3	0	0	1	11	null	null	Produced a series of luxury interior design images that achieve publication-qual	0	AI-generated art deco luxury interior design photoshoot with virtual staging and	Luxury art deco interior spaces generated through AI-directed virtual photoshoot
uid-sez-023	social-advertising-strategy	Meta Ads at $0.003 Per Engagement and $0.31 Per Follower	Growth Strategist;Social Media Manager	A/B Testing;Analytics;Campaign Management;Content Production;Social Media Marketing	Marketing Campaign	PETA, Inc.	5	3	0	0	0	0	{"value":"$0.003","kpi":"Cost Per Engagement","context":"10x	null	Achieved $0.003 cost per engagement and $0.31 cost per follower — rates approxim	0	Social advertising analytics dashboard showing $0.003 cost per engagement, Insta	Campaign performance metrics showing cost efficiency and engagement analytics ac
uid-sgt-851	amorphous-gradient-css-animation	Casual Projects Overview with Morphing Gradients	Brand Designer;Web Developer	Animation;Generative AI;Git;HTML/CSS/JS;Landing Page Design;Responsive Design;Typography	Landing Page;Portfolio	Freelance	6	3	0	0	0	0	null	null	The page serves as a casual portfolio complement that prioritizes accessibility 	365	Lightweight single-page portfolio with continuously morphing gradient background	Morphing gradient CSS animation screenshots showing fluid color transitions behi
uid-sjz-330	agentic-marketing-department	The Agentic Marketing Department	AI & Automation Strategist;Content Strategist	Automation;Campaign Management;Content Production;Generative AI;Make.com;Social Media Marketing	Marketing Campaign	SEANIVORE GROUP LLC	5	3	0	0	1	15	null	null	The system autonomously handles the core functions of a small marketing departme	0	Agentic marketing department system architecture showing multi-agent AI workflow	Multi-agent marketing automation system showing workflow diagrams and campaign o
uid-skz-743	agentic-social-manager	Agentic Social Media Manager	AI & Automation Strategist;Social Media Manager	Automation;Content Production;Generative AI;Make.com;Social Media Marketing	Marketing Campaign	SEANIVORE GROUP LLC	5	3	0	0	1	9	null	null	The system maintains active social media presence across platforms without daily	0	Agentic social media management system showing autonomous content scheduling, en	AI-driven social media management dashboard and automation workflow
uid-slz-942	content-strategy-framework	Multi-Platform Content Strategy Framework	Content Strategist;Creative Director	Analytics;Campaign Management;Content Production;Copywriting;Social Media Marketing;Video Production	Marketing Campaign	PETA, Inc.	5	3	0	0	0	0	null	null	The #AskSeaWorld hashtag strategy generated widespread organic press coverage in	0	Content strategy case study showing #AskSeaWorld hashtag campaign, Refinery29 pr	Multi-platform content strategy elements including hashtag campaigns, press cove
uid-spc-535	neo-expresi-cyber	False promises leaving foreboding feelings	Graphic Designer;Creative Director	Generative AI;Art Direction;Illustration;Print Design;Adobe Creative Cloud	Digital Art Collection;Art Print	Freelance	6	3	0	0	0	0	null	null	Produced a series of striking portraits that read viscerally in grid layouts and	171	Angular portraits with glitch artifacts, industrial palettes, and charged expres	Neo-expressionist portrait studies with cyberpunk industrial textures, glowing e
uid-sqz-852	scalable-augmented-generative-podcasts	Scalable AI-Driven News Producer Network	AI & Automation Strategist;Content Strategist	Automation;Content Production;Generative AI;Make.com;Scaling Systems	Marketing Campaign	SEANIVORE GROUP LLC	5	3	0	0	0	0	null	null	The system produces podcast episodes autonomously at a scale that would require 	0	AI-driven podcast production pipeline showing automated news curation, script ge	Scalable podcast automation system with content pipeline visualization
uid-srs-009	data-visualization-dashboard	AI Application Analytics Dashboard Interface	AI & Automation Strategist;Web Developer	Automation;Data Visualization;Git;GitHub Pages;HTML/CSS/JS;Jekyll;Responsive Design;Scaling Systems	Dashboard;Web Application	Freelance	4	3	0	0	0	0	null	null	The dashboard interface handles the unique challenges of AI application analytic	378	Enterprise analytics dashboard interface designed for AI application monitoring,	Analytics dashboard screenshots showing AI performance metrics, memory utilizati
uid-ssz-402	ux-ui-ios-marketing	Mobile App Collection with 1M+ Downloads	Growth Strategist;Product Designer	A/B Testing;Analytics;Campaign Management;Content Production;Responsive Design	Mobile App	PETA, Inc.	5	3	0	0	0	0	{"value":"1M+","kpi":"App Downloads","context":"Across iOS a	null	The app portfolio surpassed 1M+ total downloads. Animal Rights Stickers reached 	0	iOS app portfolio showing PETA main app with 1M+ downloads, Animal Rights Sticke	Mobile app UI designs showing PETA app interface, sticker pack rankings, and cru
uid-svz-258	agentic-fashion-designer	Agentic Fashion Designer	AI & Automation Strategist;Creative Director	Art Direction;Automation;Generative AI;Lookbook Design;Photography	Lookbook	SEANIVORE GROUP LLC	6	3	0	0	1	6	null	null	The system produces publication-quality lookbook concepts at a fraction of tradi	0	AI-generated fashion lookbook concepts showing autonomous design iteration and c	Agentic fashion design system output with AI-directed lookbook imagery
uid-sxz-424	api-automate-video-production	API To Scale Video Production By 10X	AI & Automation Strategist;Video Editor	Automation;Make.com;Scaling Systems;Video Production	Video	SEANIVORE GROUP LLC	5	3	2	0	1	12	{"value":"10x","kpi":"Production Scale","context":"Video pro	null	Production throughput increased 10x while reducing per-video cost dramatically. 	0	API-automated video production pipeline showing workflow diagrams and scaled out	Video production automation system architecture and output samples
uid-sxz-828	realtime-social-system	Real-Time Social Media Innovation at Scale	Content Strategist;Creative Director;Social Media Manager	Analytics;Campaign Management;Content Production;Copywriting;Social Media Marketing	Marketing Campaign	PETA, Inc.	5	3	0	0	0	0	null	null	The real-time coverage strategy consistently generated viral earned media respon	0	Real-time social media case study showing live event coverage, Yahoo News pickup	Social media engagement metrics and press coverage from real-time advocacy campa
uid-tev-176	blog-lookbook-print-gallery	Framer CMS Site Built Using AI & Notion	AI & Automation Strategist;Content Strategist;Web Developer	Art Direction;Automation;CMS Management;Content Production;Copywriting;E-Commerce;Framer;Generative AI;Git;Make.com;No-Code;Notion;Photography;Product Staging;Scaling Systems	CMS Site;E-Commerce Store;Lookbook	Freelance	6	3	0	0	0	0	null	null	Automated the publishing pipeline for 200+ weekly AI-generated blog posts analyz	371	Screen captures navigating Framer CMS website showcasing AI-generated blogs for 	Framer CMS website with Bauhaus-inspired interactive design, AI-generated blog c
uid-unw-889	training-yoga-sales	Wellness Training Platform with Custom Brand Identity	Brand Designer;Growth Strategist	A/B Testing;CMS Management;Adobe Creative Cloud;HTML/CSS/JS;Illustration;Landing Page Design;No-Code;Responsive Design;Webflow	Landing Page;Brand Identity	Freelance	6	3	0	0	1	3	null	null	Delivered a distinctive visual brand identity that differentiates the client in 	370	Custom-designed Webflow wellness training platform featuring hand-drawn brand id	Custom-designed Webflow wellness training platform with hand-drawn brand identit
uid-vin-427	freelance-payments-platform	Freelance Payments Platform	Web Developer	React;TypeScript;Vercel;Vite;Stripe;HTML/CSS/JS;Automation;Python;Git	Web Application	SEANIVORE GROUP LLC	5	3	0	0	0	0	{"value":"0","kpi":"Database Dependencies","context":"Entire	{"headline":"End-to-End Freelance Automation","details":"Sin	Delivered a fully automated payment portal at payments.august.style that handles	362	Freelance payments platform showing login portal and invoice document views	Payment portal interface with branded login screen and document management views
uid-vlf-055	psychedelic-impressi	One astral projection too far	Graphic Designer;Creative Director	Generative AI;Art Direction;Illustration;Print Design;Adobe Creative Cloud	Digital Art Collection;Art Print	Freelance	6	3	0	0	0	0	null	null	Delivered a cohesive collection of radiant portrait studies that work effectivel	171	Vivid, euphoric portrait studies with radiant color fields, closed-eye serenity,	Psychedelic portrait studies featuring closed-eye serenity, radiant color auras,
uid-wgw-370	ai-design-fashion-lookbook	Shoppable Fashion Lookbook with Google Lens API	Content Strategist;Web Developer	Art Direction;Copywriting;E-Commerce;Generative AI;Git;HTML/CSS/JS;Photography;Responsive Design;Scaling Systems	Website;E-Commerce Store	Freelance	6	3	0	0	0	0	null	null	The Google Lens integration reduces friction in the inspiration-to-purchase jour	373	Fashion lookbook website integrating Google Lens API for visual search, enabling	Shoppable fashion lookbook screenshots showing editorial photography with Google
uid-wnw-867	minimalist-web-store-product	Timeless E-Commerce Gallery for Art Prints	AI & Automation Strategist;Web Developer	Art Direction;Automation;E-Commerce;Git;GitHub Pages;HTML/CSS/JS;Jekyll;Product Staging;Responsive Design;Typography	E-Commerce Store;Website	Freelance	5	3	0	0	0	0	null	null	Delivered an e-commerce experience that lets art prints remain the focus while p	369	Minimalist art print e-commerce gallery showcasing 500+ product catalog with cle	Minimalist e-commerce gallery with clean white space, restrained typography, and
uid-wty-542	visual-artist-process-portfolio	Hand-Illustrated Portfolio Showcasing Creative Process	Brand Designer;Creative Director	CMS Management;Adobe Creative Cloud;HTML/CSS/JS;Illustration;No-Code;Publishing;Python;Responsive Design;Webflow	Portfolio;Website	Freelance	5	3	0	0	0	0	null	null	Created a portfolio platform that showcases extensive illustration work while ma	381	Webflow portfolio featuring hundreds of hand-drawn iPad Pro illustrations with b	Webflow portfolio with bold gold frames showcasing hundreds of hand-drawn iPad P
uid-xbk-777	burning-desire-distain	Burning Desire to Distain & Back	Creative Director	Art Direction;Generative AI;Illustration	Digital Art Collection	Freelance	5	3	0	0	0	0	null	null	A striking collection of digital artworks that successfully emulate the tactile 	0	Neo-expressionist artwork featuring highly textured, emotionally raw, and abstra	Detail views of textured brushstrokes in neo-expressionist generative pieces
uid-xuk-296	art-nouveau-brand-design	Contemporary Art Nouveau Inspiration	Creative Director	Art Direction;Generative AI;Illustration	Digital Art Collection	Freelance	5	3	0	0	1	16	null	null	A cohesive visual exploration that modernizes the Art Nouveau styling, demonstra	0	Art Nouveau inspired generative branding exploration featuring organic lines and	Detail views of contemporary art nouveau brand design concepts
uid-yel-369	transmutations-hyperobject	Transmutations of a Conscious Hyperobject	Creative Director	Art Direction;Generative AI;Illustration	Digital Art Collection	Freelance	5	3	0	0	0	0	null	null	Created as brand art for August.Style, the resulting gallery offers a profoundly	0	Abstract and surreal generative visualizations of massive, incomprehensible enti	Detailed abstract structures and surreal compositions of the hyperobject
uid-yll-116	all-that-glitters	All That Glitters	Creative Director	Art Direction;Generative AI;Illustration	Digital Art Collection	Freelance	5	3	0	0	0	0	null	null	A visually striking concept art series that effectively communicates a sci-fi na	0	Concept art of shiny, crystalline geometric forms in desolate alien landscapes	Detailed views of alien crystalline structures and their glowing internal geomet
uid-zri-192	constructi-landscapes	Constructivism Landscapes	Graphic Designer;Creative Director	Generative AI;Art Direction;Illustration;Print Design;Adobe Creative Cloud	Digital Art Collection;Art Print	Freelance	6	3	0	0	0	0	null	null	Produced a six-piece landscape series that merges constructivist discipline with	171	Stylized mountain and water scenes with geometric structure, sweeping curves, an	Constructivist abstract landscapes with geometric mountain forms, flowing water 
