baroque-de-heem-still-life	baroque-de-heem-still-life	
advanced-animation-system	advanced-animation-system	
influencer-growth-strategy	influencer-growth-strategy	
embeddings-art-curation	embeddings-art-curation	
illustrated-poetry-book	illustrated-poetry-book	
public-health-response-platform	public-health-response-platform	
automated-e-commerce-shop-lookbook	automated-e-commerce-shop-lookbook	
modular-portfolio-build	modular-portfolio-build	
surreal-constructivism-perception	surreal-constructivism-perception	
constructivist-profiles	constructivist-profiles	
pie-claesz-modern-vibes	pie-claesz-modern-vibes	
gradient-bauhaus	gradient-bauhaus	
animated-cms-weekly-blogs	animated-cms-weekly-blogs	
fashion-ai-video	fashion-ai-video	
minimalism-bauhaus	minimalism-bauhaus	
personalized-fashion-magazine	personalized-fashion-magazine	
bau-noir-haus	bau-noir-haus	
surreal-constructivism	surreal-constructivism	
bohemian-abstractions	bohemian-abstractions	
flowering-symmetric-asymmetry	flowering-symmetric-asymmetry	
pie-claesz	pie-claesz	
constructi-haus	constructi-haus	
ai-meditation-mobile-app	ai-meditation-mobile-app	
flat-bauhaus	flat-bauhaus	
viral-campaign-strategy	viral-campaign-strategy	
notes-app-thot	notes-app-thot	
humanistic-exploration	humanistic-exploration	
css-animated-micro-interactions	css-animated-micro-interactions	
web3-strategy-branding	web3-strategy-branding	
surreal-heads	surreal-heads	
saas-product-sale-features	saas-product-sale-features	
technical-defi-content-simplification	technical-defi-content-simplification	
product-marketing-branding	product-marketing-branding	
full-stack-automated-ecommerce	full-stack-automated-ecommerce	
ai-virtual-photoshoot-design	ai-virtual-photoshoot-design	
social-advertising-strategy	social-advertising-strategy	
amorphous-gradient-css-animation	amorphous-gradient-css-animation	
agentic-marketing-department	agentic-marketing-department	
agentic-social-manager	agentic-social-manager	
content-strategy-framework	content-strategy-framework	
neo-expresi-cyber	neo-expresi-cyber	
scalable-augmented-generative-podcasts	scalable-augmented-generative-podcasts	
data-visualization-dashboard	data-visualization-dashboard	
ux-ui-ios-marketing	ux-ui-ios-marketing	
agentic-fashion-designer	agentic-fashion-designer	
api-automate-video-production	api-automate-video-production	
realtime-social-system	realtime-social-system	
blog-lookbook-print-gallery	blog-lookbook-print-gallery	
training-yoga-sales	training-yoga-sales	
freelance-payments-platform	freelance-payments-platform	
psychedelic-impressi	psychedelic-impressi	
ai-design-fashion-lookbook	ai-design-fashion-lookbook	
minimalist-web-store-product	minimalist-web-store-product	
visual-artist-process-portfolio	visual-artist-process-portfolio	
burning-desire-distain	burning-desire-distain	
art-nouveau-brand-design	art-nouveau-brand-design	
transmutations-hyperobject	transmutations-hyperobject	
all-that-glitters	all-that-glitters	
constructi-landscapes	constructi-landscapes	
